abn,name,segment,process,metal_use_t_per_month,recycled_share_now,recycled_share_limit
37660612831,Absolute Steel Fabrication & Welding,SME manufacturer,Steel fabricator (reusing offcuts),120,0.33,0.48
27100479187,Academy Sheetmetal,SME manufacturer,Steel fabricator (reusing offcuts),80,0.33,0.48
79130563183,Agriweld Engineering,SME manufacturer,Steel fabricator (reusing offcuts),90,0.33,0.48
53000170427,Ajax Foundry,SME manufacturer,Iron foundry,450,0.5,0.6
47686097873,Alasco Engineering,SME manufacturer,Steel fabricator (reusing offcuts),60,0.33,0.48
11632921692,Alumac Industries,SME manufacturer,Steel fabricator (reusing offcuts),120,0.33,0.48
62625730725,Apex Laser,SME manufacturer,Steel fabricator (reusing offcuts),60,0.33,0.48
39649764607,Austral Alloys,SME manufacturer,Stainless and alloy foundry,120,0.48,0.85
51116666730,BJL Welding & Fabrication,SME manufacturer,Steel fabricator (reusing offcuts),150,0.33,0.48
19000019625,BlueScope Port Kembla Steelworks,Steel mill,Blast furnace / basic oxygen steelworks,250000,0.278,0.3
71631811419,BM Steel Fabrication,SME manufacturer,Steel fabricator (reusing offcuts),110,0.33,0.48
79137298803,Bright Balustrading,SME manufacturer,Steel fabricator (reusing offcuts),40,0.33,0.48
39485621374,CALGO Welding & Fabrication,SME manufacturer,Steel fabricator (reusing offcuts),90,0.33,0.48
32100939295,Camcast,SME manufacturer,Aluminium foundry,40,0.8,0.9
13002537537,Clingcast Metals,SME manufacturer,Brass and bronze foundry,40,0.91,0.96
97130427173,DND Welding,SME manufacturer,Steel fabricator (reusing offcuts),70,0.33,0.48
76050541207,ENCAT Australia,SME manufacturer,Steel fabricator (reusing offcuts),130,0.33,0.48
90601374118,Enfrex Metalworks,SME manufacturer,Steel fabricator (reusing offcuts),70,0.33,0.48
36151145916,Engineering Fabricators Newcastle,SME manufacturer,Steel fabricator (reusing offcuts),250,0.33,0.48
57620389184,Fabcon Project Group,SME manufacturer,Steel fabricator (reusing offcuts),150,0.33,0.48
97528341439,FBM Fabrication,SME manufacturer,Steel fabricator (reusing offcuts),220,0.33,0.48
88160790447,Gordon Fabrication,SME manufacturer,Steel fabricator (reusing offcuts),80,0.33,0.48
89622412622,Hard Bakka,SME manufacturer,Steel fabricator (reusing offcuts),300,0.33,0.48
91000335017,Hycast Metals,SME manufacturer,Stainless and alloy foundry,70,0.48,0.85
59003312892,InfraBuild Sydney Steel Mill,Steel mill,Electric arc furnace steel mill,62000,1.0,1.0
37060444108,ISG Sheetmetal and Laser,SME manufacturer,Stainless fabricator (reusing offcuts),30,0.48,0.85
63117256005,JMG Maintenance & Fabrication,SME manufacturer,Steel fabricator (reusing offcuts),50,0.33,0.48
86097427837,Kymar Steel Fabrications,SME manufacturer,Steel fabricator (reusing offcuts),90,0.33,0.48
90086151322,Laser Wizard,SME manufacturer,Steel fabricator (reusing offcuts),160,0.33,0.48
49108601092,Letchford Engineering,SME manufacturer,Steel fabricator (reusing offcuts),140,0.33,0.48
52620187466,Lotus Steel,SME manufacturer,Steel fabricator (reusing offcuts),90,0.33,0.48
75634516475,NewyFab,SME manufacturer,Steel fabricator (reusing offcuts),70,0.33,0.48
70644229541,OMP Laser and Sheetmetal,SME manufacturer,Steel fabricator (reusing offcuts),130,0.33,0.48
13000092946,OVERALL FORGE PTY LTD,SME manufacturer,Steel fabricator (reusing offcuts),400,0.33,0.48
40139721635,Picton Bros Panelspan,SME manufacturer,Steel fabricator (reusing offcuts),120,0.33,0.48
67636520315,PLATINUM Fabrication & Engineering,SME manufacturer,Steel fabricator (reusing offcuts),90,0.33,0.48
56160398210,Primmer Steel,SME manufacturer,Steel fabricator (reusing offcuts),100,0.33,0.48
29663907524,Pro Steel Engineering & Fabrication,SME manufacturer,Steel fabricator (reusing offcuts),80,0.33,0.48
70161953537,SCF Industries,SME manufacturer,Steel fabricator (reusing offcuts),100,0.33,0.48
43664504983,Sidney & Hacking,SME manufacturer,Stainless fabricator (reusing offcuts),40,0.48,0.85
58084884499,Silver Raven,SME manufacturer,Stainless fabricator (reusing offcuts),25,0.48,0.85
29102548309,The Wagga Iron Foundry,SME manufacturer,Iron foundry,150,0.5,0.6
38328105632,Tusken Engineering,SME manufacturer,Steel fabricator (reusing offcuts),200,0.33,0.48
77621388814,Wagga Engineering & Fabrication,SME manufacturer,Steel fabricator (reusing offcuts),70,0.33,0.48
69009701802,WEIR MINERALS AUSTRALIA LTD,SME manufacturer,Stainless and alloy foundry,400,0.48,0.85
