locality,postcode,lat,lng
ALBION PARK RAIL,2527,-34.56667,150.79167
APPIN,2560,-34.2,150.78333
ARTARMON,2064,-33.80863,151.18402
BANKSMEADOW,2019,-33.95731,151.20699
BANKSTOWN,2200,-33.91817,151.03497
BELROSE,2085,-33.73,151.22
BERESFIELD,2322,-32.799,151.635
BLACK HILL,2322,-32.84,151.612
BRAEMAR,2575,-34.431,150.483
CARDIFF,2285,-32.93995,151.66257
CHATSWOOD,2067,-33.79607,151.17805
DAPTO,2530,-34.49167,150.79167
DUBBO,2830,-32.2315,148.63296
EAST WAGGA WAGGA,2650,-35.1212,147.38547
ETTAMOGAH,2640,-35.96817,146.99709
FORSTER,2428,-32.18056,152.51167
GLENDENNING,2761,-33.74613,150.85364
GOULBURN,2580,-34.74792,149.72774
GRANVILLE,2142,-33.83531,151.00655
HEATHERBRAE,2324,-32.78167,151.73444
KIRRAWEE,2232,-34.03573,151.07079
LIVERPOOL,2170,-33.92856,150.91796
MARRICKVILLE,2204,-33.90863,151.15488
MAYFIELD,2304,-32.89742,151.73643
MAYFIELD EAST,2304,-32.898,151.75
MAYFIELD WEST,2304,-32.89,151.726
MONA VALE,2103,-33.6757,151.30644
MOSS VALE,2577,-34.55057,150.39643
MOUNT DRUITT,2770,-33.7722,150.8194
MUSWELLBROOK,2333,-32.28485,150.90496
NABIAC,2312,-32.1,152.38333
NARELLAN,2567,-34.04511,150.73706
NEWCASTLE,,-32.92722,151.7795
NORTH WOLLONGONG,,-34.40823,150.89874
PADSTOW,2211,-33.95045,151.0309
PEAKHURST,2210,-33.9654,151.0502
PENDLE HILL,2145,-33.80739,150.95518
PENRITH,2750,-33.75068,150.68767
PORT KEMBLA,2500,-34.47448,150.89001
PORT KEMBLA,2505,-34.47448,150.89001
PRESTONS,2170,-33.94224,150.8674
REVESBY,2212,-33.94525,151.01803
ROOTY HILL,2766,-33.77152,150.84384
RYDALMERE,2116,-33.81241,151.0384
SILVERWATER,2128,-33.83435,151.04422
SMITHFIELD,2164,-33.85357,150.94069
SOUTH LISMORE,2480,-28.81632,153.25625
ST MARYS,2760,-33.76998,150.77346
TAREN POINT,2229,-34.01909,151.12028
TERALBA,2284,-32.965,151.601
TOMAGO,2322,-32.82786,151.72833
TUGGERAH,2259,-33.299,151.435
UNANDERRA,2526,-34.45361,150.84472
VILLAWOOD,2163,-33.8815,150.98212
WAGGA WAGGA,,-35.10817,147.35983
WEST GOSFORD,2250,-33.415,151.318
WETHERILL PARK,2164,-33.84975,150.91101
